id,treatment,outcome,covariate
1,0,58.31970666384978,6.522178285076764
2,1,31.5508983594141,5.886660825969666
3,0,39.37872413228767,6.290607529647283
4,0,54.3844586013374,4.914694060307644
5,0,29.896474467111183,5.445055554538207
6,0,36.30860589172755,4.45792901359882
7,0,54.311577064668214,6.2083390147726805
8,1,61.402842835530585,2.3079226308693084
9,1,47.52618940278762,6.452272579776112
10,0,49.89555896373491,6.996050700444417
11,1,29.90240232521673,6.48352355582944
12,1,55.54690730062263,4.79180456096677
13,0,44.071814946468756,6.010458422213928
14,1,28.514858194991287,3.446842664112483
15,0,49.84364347341133,6.674204427802083
16,1,52.03391808382776,2.801569418816596
17,0,37.64364245450347,6.18746224249906
18,1,22.194138278001297,6.065314789226777
19,1,47.704645451504106,5.813455672527391
20,0,50.09019705925279,4.10583271150548
21,0,41.243978347335954,6.520332465935088
22,0,46.828406440275494,1.3254702748727176
23,1,36.276813848501384,6.554443624735918
24,1,40.13265947562615,5.382875819065829
25,1,34.81117128812966,7.101917345083708
26,0,47.31621461311747,5.4000979698330935
27,1,46.94127832416521,8.676380293519424
28,0,46.998134562944806,3.116361333103708
29,0,23.138922780160947,6.2188146370031365
30,0,59.205834289562375,3.227991021688558
31,0,55.52860854817208,4.74722763909155
32,1,41.345565358443814,6.48474517528535
33,1,66.067772492572,6.250860652421002
34,1,52.846236592444654,9.159077360715354
35,0,43.6589780549514,4.297186533273001
36,0,33.34476423841012,7.572002688292364
37,1,75.21719929879691,4.491399625739616
38,0,47.88409334098304,3.5981998234306016
39,0,70.08653545089427,1.7540928771659519
40,1,38.70724789329999,5.325341251804301
41,0,63.73374088347822,3.9573887887677435
42,1,31.424563378936544,6.695034739657808
43,0,74.04686148020232,3.943198490131136
44,1,35.077533401234895,4.046796884836111
45,1,46.38187546608579,5.7093105528618775
46,1,49.43938321071534,8.442431596278784
47,0,60.67499373415152,2.822700238127703
48,0,38.76781304535561,7.035225609463991
49,0,39.34829006535559,6.748210599590739
50,0,41.83891641787729,4.558108059263132
51,1,37.32376331084717,6.350832570036681
52,1,39.633099767534354,4.431447147345046
53,0,42.06674830487276,9.7427769080505
54,0,40.53290565665496,4.775809416489843
55,1,47.87431613616684,5.160828187105329
56,0,72.53294403498116,4.348416781698351
57,1,40.986335210896584,1.6130919049769221
58,0,63.60857782206469,4.473693240243621
59,0,42.71220454890505,5.464073943077814
60,1,46.05686935812567,8.001845243313463
61,0,38.75301022766837,5.983914255593132
62,1,28.583170664558487,4.621235624534606
63,0,53.05937022802057,5.119886385495236
64,1,55.78490972700471,5.654680732816597
65,0,49.8545216109583,4.242067882842132
66,0,59.99438843047737,6.364474033605724
67,0,51.42614041415082,8.250176316173363
68,0,53.29838647708434,4.273702523008927
69,1,71.2479781026409,7.415060531700723
70,0,72.74306940187662,6.7526526084626415
71,0,57.938394234110454,6.074489722107729
72,1,51.13059498687551,5.223851237113729
73,1,47.71284520333757,5.675567741965422
74,1,57.73396850151567,4.565213652256382
75,1,60.09912785228329,8.673737007453195
76,0,49.959187841042834,3.5631936884890734
77,0,36.15366943000673,7.269889388571868
78,0,18.148313513896152,8.09944344253123
79,0,44.02847561644995,4.353731334354601
80,1,47.61003607940675,7.331693918584216
81,1,31.08295775341903,5.287962692462021
82,0,52.29373573378276,5.124719577271006
83,0,55.20271335022863,4.850872614327758
84,0,51.212791200142185,1.7725377989151578
85,0,51.82659098732324,6.095847916503411
86,1,56.39029210174887,7.887103528703493
87,0,72.74308880516361,3.5905591547507885
88,1,67.81863816747452,6.69467731615808
89,1,27.72133623873876,4.829589215412557
90,0,46.60109270281095,2.8146214500451716
91,1,27.370463578951544,6.995779931439567
92,1,25.39517680158939,8.372073662592488
93,1,46.378147678013555,3.4114952822607796
94,0,61.88980614845685,5.431603391065748
95,1,40.81883499734572,2.1205285846412982
96,1,31.14290532650987,4.91598536285753
97,1,44.14280069650944,5.972132805686527
98,0,60.69146258641835,8.50581921168692
99,0,39.59224519442468,8.115147432252249
100,0,53.472872503545496,8.284996683126442
101,1,46.638961891814986,3.945816116255914
102,0,54.362458493052294,4.509669863001968
103,0,56.06080386532204,1.6713891501561267
104,1,63.925862202924314,3.5696889831620426
105,1,35.993326010328055,2.096341596309785
106,1,38.057260032889864,5.731073793274483
107,0,29.36390380323967,3.6060199904175123
108,1,56.815446954483335,2.797155460370054
109,1,54.07882604941609,4.289171128198639
110,0,48.140839358063545,2.630246088141113
111,0,80.00449652057894,5.618033639575265
112,1,40.672999085903484,5.568894988046873
113,1,50.6804354277269,4.368574819884521
114,0,47.60977969402937,3.538649039173147
115,1,55.35688531383519,2.3211172503088653
116,1,49.456112670818236,6.11071321049608
117,1,49.73186947791997,5.457441479870873
118,1,43.41388563395357,5.928630928244887
119,1,23.78292309066161,4.387129238094706
120,1,33.7839396013948,4.564152988837196
121,1,44.20561127612449,7.883998297552606
122,0,36.90068195336807,3.798830269002126
123,1,48.49515233788346,4.374711954883831
124,1,73.48927118378604,6.4877841657302975
125,1,38.39895698710981,5.6058225931112595
126,1,15.3772240184454,0.9067555858670024
127,0,46.66832085806986,1.6242265399366635
128,0,61.309947959992684,3.678337466779811
129,0,44.7571898280336,6.820599328890733
130,1,38.300255688071196,6.343346155365367
131,1,60.58302674754855,6.039046721499971
132,0,45.587642913777145,6.255488192671647
133,0,66.69509023963725,3.0621104907549554
134,1,43.12120080328782,6.202094186501108
135,1,72.2648818497228,3.1574326065549143
136,0,55.65811705129621,6.894598403544211
137,0,47.226556576976044,3.978869731571853
138,0,63.41019927379851,5.56325215621336
139,1,51.905197565194584,1.2510031925619662
140,0,52.96088465099339,2.3022221755892294
141,1,60.43508482464111,7.181354875775158
142,1,59.66793718501165,6.38348774037382
143,0,44.17473061252504,2.5641264533584014
144,0,60.848086941531136,7.571183444827999
145,1,-4.949271648573703,2.818431142363716
146,0,38.53109846334211,5.039922207808665
147,1,69.25506332173032,4.039798756267696
148,1,62.694747478993136,3.153169606757759
149,1,32.189311965874424,7.335881123077156
150,1,35.5479169336252,8.369962991248537
151,0,37.36876533865433,5.356548434195314
152,1,44.415254462653316,8.051997833725336
153,0,64.38189518954573,4.437569893621208
154,1,46.742783138593076,5.216617196764709
155,0,61.89695137601668,5.262978512789237
156,0,37.433112279432535,2.686582222752556
157,1,48.746463073082104,5.998913784925062
158,1,56.86623029368552,6.419386280324739
159,0,47.65107019507998,4.653052730717346
160,1,33.55753446680136,1.6164976637743136
161,1,40.02206328172519,5.735410988742154
162,1,62.55811577895321,1.969972971699434
163,0,65.69162873667285,3.377460332728457
164,1,57.494075811476506,5.26284258490063
165,1,51.48447178514948,3.460675071352493
166,1,50.5097043805189,5.507353301090349
167,1,44.363372692439135,4.547579490207041
168,0,42.64986395097884,1.7390069785178905
169,0,43.82013569093654,5.33594312215702
170,1,62.57098392636585,6.173159360573082
171,1,71.0920308824491,7.0248004856237625
172,0,51.37423323085521,4.266863850466109
173,0,60.2890925411585,4.877032642529588
174,1,68.13340625759508,2.0097826613203984
175,0,43.689678313353944,8.929778810678581
176,0,32.59704415142669,8.010016378699369
177,0,68.44405069077213,4.936331964772898
178,1,51.26599161164405,4.7503164547100925
179,0,42.9270836376166,-0.8604456887359531
180,1,37.08441739060519,7.0705251258254975
181,1,50.15266129125175,6.125722362314575
182,0,50.08665498901274,6.625623740993736
183,0,24.82663579519813,4.189503689401146
184,0,46.089263678196716,4.061142349873267
185,1,47.93857591760817,2.529162708359333
186,0,36.19587473132226,6.55601946037
187,0,49.639861433436245,7.504307757396927
188,1,64.08664914616014,7.247765753526092
189,0,82.95802895722946,5.374515152016706
190,0,71.55854611487703,4.3466965956649455
191,1,48.02934384409461,2.8960591532677924
192,0,58.27173859008954,3.596498960738291
193,0,49.368190091321026,5.935100947270044
194,1,52.46874984228255,4.430893249198253
195,0,45.171927529229855,8.282808369471038
196,0,40.52903925220521,7.3047120616486545
197,0,54.702642884181735,3.796381735767687
198,0,43.06253988728842,2.5686758713299933
199,1,60.2456195509692,3.903163314457665
200,0,50.64264567112938,7.13076589287299
201,1,48.014024692599506,3.952155183756562
202,1,44.68304547553162,6.091975970333001
203,0,62.58193311113765,3.868239761545655
204,0,61.27875173529286,5.686328314046888
205,0,66.80815761097412,6.0562839467059595
206,1,25.899702901794704,6.971666491169092
207,0,34.33614529007069,7.8664802611594995
208,0,56.924063784856315,7.62045786961587
209,0,57.14668008068346,3.9396569816544593
210,1,79.56608215725737,4.705962527711915
211,0,55.536945350088324,2.6529498095833053
212,0,37.302623494669795,4.528629424931066
213,0,54.76586973378898,5.048634289729184
214,1,38.633356322679376,4.192080130141138
215,0,36.717429074444794,3.992830863100988
216,1,61.27923100803357,7.064160355504921
217,1,52.02056527178306,6.814965890181499
218,1,49.18096479416699,5.7982440957040895
219,1,44.43217427925455,2.444978792874095
220,0,61.08167497593068,5.401861799000468
221,1,55.411205935803544,4.231536858119992
222,1,38.62577698006906,7.631454921594182
223,1,34.76034274912658,1.3954185066532792
224,1,28.50745729026964,3.8823526174007066
225,0,52.11728354915043,3.8266993834928664
226,0,44.0428089926367,4.0668519360801945
227,1,39.363150589485684,6.9151574969942775
228,1,70.2893351153099,0.2952831776462972
229,1,46.84109655428141,4.583895647540238
230,1,38.65517066089127,6.70144134823493
231,1,18.81868076697785,6.96023501201672
232,0,37.225578095844114,3.901844278919868
233,0,43.00142523604163,3.640443701315826
234,1,43.8081686888952,5.692427146945415
235,1,64.25445356053167,5.30207338050144
236,1,31.82655028984726,5.138806230054514
237,0,32.72000833505622,-2.6027563937219824
238,1,57.637431514661344,2.7456555901937323
239,0,68.08086673861904,3.273553874302986
240,0,38.62890881205911,6.286019723918072
241,0,20.2814057197292,2.1184805906618567
242,1,65.35453676085314,2.9067448782791
243,1,44.982438046914055,4.691231988135197
244,1,51.29734208821858,2.4248096464402953
245,0,38.982371101155,6.285707810361932
246,1,33.20446495037996,4.217192640382787
247,0,36.69026969228442,8.665811864588633
248,0,66.11043383479213,3.7405625658822235
249,1,63.397560511849335,3.8474335936668718
250,1,33.03645843921743,6.608876578538618
251,1,46.47669045371007,3.68932614666704
252,0,20.298001030485388,8.023136640884346
253,1,35.391211500658756,5.965829884544515
254,1,38.267812950699344,4.3922401211123745
255,0,50.21800496514818,4.678404005845844
256,0,35.99116138444374,10.701415474235178
257,0,10.920540829178066,5.977308717995903
258,1,47.5381649596685,5.30095403188286
259,0,34.928826318673195,4.734846489633226
260,1,66.62734444645076,7.074324065360529
261,1,38.69908903266316,1.963347372401464
262,0,39.60165752687194,4.637623954066355
263,0,43.345749452177046,-0.6673149120270052
264,1,78.75553268373307,3.933184748176666
265,1,51.26611284141064,6.695853625821388
266,1,54.79359024729281,7.764461677710434
267,1,44.629776631040656,6.211940476360079
268,1,51.788989190759494,6.279937182995484
269,0,38.142941432426554,1.5681970200907376
270,1,20.31015661396991,3.6432523772101337
271,1,57.28540163083419,7.948810031824246
272,1,34.129629694864036,3.952279979031739
273,0,32.86871131826975,4.728035195813769
274,1,60.67637943404111,3.3888760272846365
275,1,17.600127991107726,3.132497029019512
276,0,39.999290147542936,4.059461547040591
277,0,66.05747010807318,3.6778880681457022
278,0,67.53695837775223,6.915003591633683
279,1,56.65758239732977,5.430739195778588
280,1,58.77799653266867,7.037767652887036
281,0,56.58996435457692,2.225524993345812
282,0,66.10308700630218,7.450906296408114
283,1,30.662187442370683,5.042912448089811
284,0,44.59172225534888,8.67869676825189
285,0,47.189926051340656,4.894447723278702
286,0,60.438827157005456,2.013196370674159
287,1,46.41501730805648,7.5684412557476755
288,0,38.538885368227355,4.727023523752935
289,1,35.11124514845107,0.6957698406662214
290,1,65.09337995717698,5.290389362739408
291,1,49.69752748679168,5.462456251716239
292,0,53.72243933403864,7.152225486657237
293,1,41.898879992134056,-2.174987662428915
294,1,60.67464686067844,7.297738950222591
295,1,56.162402503612384,4.050806490516067
296,0,45.46408894373345,8.852495815841719
297,0,40.58570526718198,1.5634379983186815
298,0,71.51676361075955,6.090677803841437
299,0,54.139406213500465,5.823437661510534
300,1,39.416736974846735,4.155770539478828
301,0,64.44912199114326,3.4523881897826443
302,1,53.81107380528035,4.252509944577794
303,1,53.153021521008704,4.306559418875115
304,1,60.85493708214618,2.4931239871246214
305,1,75.95576661089123,6.9859843401024895
306,0,60.17730531061563,2.815599307135806
307,1,64.02136384933297,7.046381955560015
308,1,54.325087690382425,1.4221308694981545
309,1,31.560573030401187,4.64562043961625
310,1,51.57071292489362,4.675386933928405
311,1,61.99508013674845,4.968411256112884
312,1,39.48665372601056,6.912591759358616
313,0,51.565292399667854,4.595305560084479
314,0,62.91771446758621,4.084141179432601
315,1,40.54893902056098,4.6013448302785545
316,0,28.95415524713738,6.962013711139498
317,0,70.56575742339095,2.588786103730613
318,1,41.71628520803286,2.9586630003870753
319,0,51.16084368505926,1.0866034951534385
320,1,52.38427187493847,9.054497391772808
321,1,56.85483309934556,2.680510543435091
322,1,29.050482670229936,1.229136688256534
323,1,60.50970864217672,3.3822017227091687
324,1,71.5823212548042,3.7750895038962913
325,1,58.82165642213886,7.930912002480804
326,0,55.216364772775464,4.070201548849396
327,1,49.955113005481955,5.583538561418752
328,1,66.10189352160148,1.4184403905495393
329,1,40.07809778863167,5.4159669835633455
330,0,81.53291627506724,1.7024075105615104
331,0,48.52270897921577,4.372809902334279
332,0,56.70117468837448,3.480258038034134
333,1,31.944927979944644,5.116542994332858
334,1,49.02079540842607,6.2688174122772615
335,0,33.047425427130364,2.32820809840375
336,1,39.85443402845348,2.7271631435551518
337,0,50.74430898692441,5.387178011889164
338,0,54.17808938535577,6.374571421604989
339,1,46.5012721488528,7.834750390189592
340,0,50.575359341606436,4.0562165392946365
341,1,32.56507668300853,2.0170426501782095
342,1,48.901401541819986,5.373251439121172
343,0,31.70831330802853,3.4107125642240863
344,0,69.56522446456634,3.151159604867038
345,0,52.25420751561066,7.816354148730572
346,0,58.369342336158056,6.237433620174247
347,1,38.84851840361156,3.543844271447334
348,1,59.374285435860045,4.962576929316686
349,1,48.28399606045821,4.828646023758182
350,1,40.257005581396974,5.3301912356675825
351,1,62.559467786320205,4.188120773284187
352,0,44.6033282430671,1.1998749447259067
353,1,35.23754604500311,3.047299649988813
354,0,63.83244245065057,3.936006829490415
355,1,48.9188311530043,5.0562235325324485
356,1,52.05979152044438,2.835411275639699
357,1,27.401065041622545,5.372569875788162
358,0,25.86259407207575,4.237457077631844
359,0,52.91250005235115,3.481049796220346
360,1,42.74084756837059,2.4594477520711475
361,0,42.02056133253197,5.892982832782895
362,0,20.466578859843473,5.848486771645959
363,1,7.778063363501548,6.600441763577962
364,0,21.307151346968407,6.098576451260536
365,0,19.50227340208618,6.248268909589017
366,0,51.014043818802584,5.764157239320263
367,0,16.547601306347296,1.4831806427990823
368,0,48.40477768813197,4.441762241107295
369,1,75.68723945367134,2.1352350764862034
370,1,59.978016825268476,7.738424150986065
371,0,40.647400566347834,4.971972550587165
372,1,37.019214659391125,7.539511690970382
373,0,35.588452194851605,2.9393554164320284
374,0,54.924782333500445,4.816261568214632
375,0,45.24257117574885,5.526748499417786
376,1,62.77723689399009,4.338195708792972
377,1,54.211077151405206,5.375578799499841
378,0,34.459912225982784,7.9643269134167625
379,1,44.93227142378057,2.936173154001396
380,0,44.750133670598004,-0.2758449745767573
381,1,19.068062117347143,8.201248278666645
382,0,44.536581467619754,3.416675526722878
383,1,20.334760646552873,7.244999392445173
384,1,38.57217146954112,6.303826600541649
385,0,24.7318540370281,4.566626403934557
386,0,58.22099661711649,5.7606895792887105
387,0,52.89807888830042,2.7189314712730153
388,1,47.43399770057463,5.1717943087855796
389,0,56.515243341312726,6.188080409570767
390,1,58.23498275017996,3.451334547326945
391,1,32.49573193959956,4.239417805776638
392,0,55.66173538330194,5.625187039502645
393,0,60.15917512356231,7.64654741930924
394,1,46.69634636731463,4.993690320254449
395,0,37.79587803868964,4.138680310782061
396,0,16.115840208589265,4.707168450931097
397,1,26.962307199555394,7.3203518940107575
398,1,42.46225261859696,3.7169753283370888
399,0,34.355962804079326,4.39953520578827
400,0,20.89960997910553,3.735478443530289
401,1,30.656024468099915,4.591366930445514
402,1,38.31483294969311,5.427391204675539
403,0,53.89802144198411,7.067756403042235
404,1,75.73826592566002,0.7508494305122086
405,0,69.23029488433428,6.110977831524071
406,1,59.29662707177552,3.2168202351997017
407,1,44.138439192242025,6.186140010260626
408,1,66.10942070572108,7.479269978602409
409,0,47.30887550093747,6.991190023999651
410,1,52.63728436316478,5.315917560317855
411,1,23.066473146773706,6.668997867918133
412,1,49.36189557070502,3.113232127218639
413,1,50.79684128773525,4.86433982840386
414,1,53.04904539827972,8.038942193361974
415,0,43.881971291273594,3.421488940447283
416,0,51.45075409276242,5.394538330078819
417,1,36.03603115486318,4.261649255444398
418,1,34.227586144473776,4.609783059574823
419,1,59.79593992570364,5.8121423902930225
420,1,30.633380938597806,4.460962189573188
421,1,57.02202881538985,4.993181706923737
422,1,62.12853429262957,3.990833460775077
423,1,47.408517903030244,1.3499433496581417
424,1,36.75455166463877,5.386188256457504
425,1,26.762927157408686,5.878940073302473
426,1,48.96253882372735,7.7643469284081
427,1,29.909658781041735,4.736269073725925
428,1,63.62001991343825,2.2105829371812624
429,1,38.43469251119425,3.491983611853515
430,0,72.84357113222184,6.080784690678463
431,0,48.13525830962129,4.8309409787338495
432,1,33.06757895754289,5.55858176831753
433,1,66.17083812538914,4.293839723024571
434,1,38.6508900828086,8.739617828162341
435,0,54.484240363430416,8.455976022562986
436,0,70.40373053682342,3.136808749093423
437,1,31.925926134810762,6.818061986221704
438,0,41.52971852190276,5.608124779629574
439,0,44.320961381663054,5.027119050579343
440,0,43.39033531489736,3.280624021311639
441,0,46.88955745621737,8.243061266895298
442,1,63.18154675458129,7.330516682331451
443,0,51.56717779832356,2.085799894761729
444,0,42.47171900368451,7.766982616518639
445,0,48.50806954533334,4.9232434592952306
446,0,31.411710015467165,3.804418851914322
447,1,37.64541770429714,3.04684447084447
448,0,48.58749418674186,6.889640623721472
449,1,69.21490317688996,5.799791042871013
450,0,49.77004988379166,3.2517073594632198
451,1,66.76864836699086,3.3778044233380973
452,0,32.488294023573424,4.224953792772802
453,0,52.64096825305309,3.9749879087192346
454,0,38.10614520375355,6.0555606243052535
455,0,32.162617164309125,5.75747398616762
456,1,35.39811015640974,3.7287001942790496
457,1,16.232532480607947,1.6849811504501524
458,0,53.21007559354997,2.332001466300485
459,1,30.28310383123571,6.740111017660901
460,0,41.822013081265496,3.010379052918059
461,1,41.59756739420526,5.22227039774119
462,0,35.353844343257315,1.4736849323958046
463,1,50.24636933807078,5.794119671326009
464,1,63.993570732120055,8.83905281114204
465,1,46.39883026772008,2.343865537995829
466,0,27.46985677348475,6.099394538229445
467,1,70.43820941159382,5.544923866229218
468,0,33.76747959045376,6.835767892308283
469,0,39.45955534816075,4.737519361328676
470,0,51.20399258989633,5.54564988413053
471,0,41.136405478229065,5.363948256298938
472,1,41.73579576885347,6.145685637941519
473,1,45.417751458945396,3.3217745899527085
474,1,85.81665091106538,5.384897522768987
475,0,41.561792872091296,6.620651194969051
476,0,37.27991291970224,7.335981182849222
477,0,43.96274605973921,5.99145783104735
478,1,48.05788385462003,2.736086932077436
479,1,54.94088151531257,1.8928436489598601
480,1,32.649389231737175,5.8172511216812195
481,0,37.27254436307513,2.976712493654186
482,0,29.337837891518152,6.688669212171757
483,0,35.287769358567054,4.424431272877761
484,0,29.99316062746214,7.023231886785961
485,1,46.257432679434835,9.25163324921758
486,0,46.432994635576726,4.875354649616927
487,1,28.99877560977324,4.767999227062052
488,1,57.91485136860391,7.026985898405558
489,0,57.901770543436896,7.127810055579385
490,1,40.38007026128119,8.40321633622549
491,0,54.8225722413289,5.39313923863234
492,0,41.66039198339142,3.734266083315351
493,1,56.42979840105318,5.015427314508388
494,0,42.09974324657783,3.752741613760472
495,0,44.23586180328818,5.4796194068574176
496,0,58.292955204346974,3.2635206242660546
497,1,60.16541944828162,6.804012912636546
498,0,47.47564364444177,6.394980309175882
499,0,55.858627146362366,5.278066607835335
500,0,55.09953591085294,5.051153093511882
501,0,71.16261075272784,4.607114163637749
502,0,40.621002793137116,7.624510407043267
503,1,32.827316989704336,7.374834965379226
504,1,45.836456874401264,5.291433709155556
505,0,52.40029438074025,3.2867002457880092
506,0,30.974623663328604,2.6463033616207756
507,1,57.439256633946705,5.575241426075472
508,1,46.35229960494218,3.723876125167209
509,1,33.532363952017334,5.951867744752244
510,1,34.6963305826069,4.226608925260479
511,1,36.161202204160645,6.547508718477221
512,1,36.10407654368886,5.41483048895774
513,0,28.862570129788327,6.996106123903509
514,0,43.322381708838044,0.5321894954114157
515,1,41.70712584402401,4.545899508350268
516,0,44.73677214038317,9.43357626653367
517,1,49.02871347381483,-0.006322023473875227
518,1,59.672745056846196,6.685304434570325
519,0,56.13969476154854,5.836007481537884
520,1,31.468807579267743,7.571402108698471
521,0,55.84328524080329,4.652816408948743
522,1,48.092390137634396,7.380708878105759
523,0,48.11531017618714,7.433811608277555
524,0,75.90376290432597,5.393560185402888
525,1,36.59749852032203,2.6719762432610343
526,1,34.2936797998595,6.826009068163761
527,1,41.23387313543607,3.0531260094296595
528,0,56.08263876195996,4.725246858871174
529,0,31.828417432157472,6.8938164883250534
530,1,67.09986038652049,7.184135412981398
531,1,39.84949999356217,4.304082053590049
532,1,29.52972461919936,6.2539658727475596
533,0,43.83381922824878,1.914926772229058
534,0,38.46015635288239,4.05523819746118
535,1,47.021517522472365,7.9378377918475564
536,1,64.26491007346092,7.6867760956922195
537,1,39.974166030512876,6.338427672831575
538,1,72.25896515452699,4.716331028382924
539,1,16.60756930468082,6.694520633292353
540,0,38.187478160258415,4.953543615924425
541,1,26.663346079986383,5.336457214986795
542,0,41.591942563369,5.17676581681222
543,0,60.008922393682056,3.4489593878764015
544,0,54.619375960252825,6.451849622638752
545,1,41.7256891117984,2.860105478849782
546,0,57.649681731573736,6.5516897083795165
547,1,37.9822035496586,3.078795058856162
548,1,50.26262746074176,3.555848568205029
549,1,60.987697252387164,-0.6816947116065508
550,0,56.35569477186814,4.687833096516606
551,0,53.30208336262156,5.378377949858717
552,0,51.059264077497204,6.654145016106934
553,1,49.565215597287285,7.621752019397359
554,0,22.631867954562086,2.0195731443411353
555,1,52.319963723022504,6.969654974159791
556,1,57.218054853908654,4.071931492799687
557,0,29.58796991026751,4.855879803584736
558,1,44.935665141755976,4.789463288855156
559,0,37.875646899390105,4.1009706583606125
560,0,44.86535793044417,3.220177886234133
561,0,32.188883914301684,5.558433430427975
562,0,54.397593404491516,6.622290089312299
563,0,49.657022742427564,2.4804565744800127
564,0,35.62761877420356,4.961082487253355
565,1,43.15412674654747,3.7419754906265936
566,1,21.423540487052414,7.191843555637172
567,0,56.60054212698632,5.987159093889359
568,1,44.99473095196849,8.01741022885071
569,1,74.11922500401568,1.9024699971017296
570,1,18.4656262034489,7.068393200722322
571,1,57.0829665856597,5.325330820977147
572,1,39.301949028642426,3.549653100409464
573,0,52.47087676465568,5.978406987117406
574,0,43.678598816608826,8.13206654565505
575,1,29.59373129465814,8.20922824934583
576,0,37.10499569535047,6.6444364085132115
577,0,66.53640879344188,3.016790628358244
578,1,58.860895591868314,5.619726906845069
579,1,36.27852566460061,5.684845152159974
580,0,59.5450868504137,7.484033245287256
581,0,56.41102808668514,4.670249641960249
582,1,37.93114365405961,5.031143566031757
583,1,46.477296000813894,3.69298261413782
584,1,21.798816978712903,6.336174641274099
585,1,43.77956470028652,4.569179021692298
586,1,51.002875292065575,5.371957177511177
587,0,31.736385396161744,4.060899974232215
588,0,43.40190203051518,5.094479227464835
589,0,54.935363754326445,2.8391739900460116
590,1,48.69933480080641,5.3217783336508955
591,1,38.14330409255845,3.7948495515447025
592,1,28.007655922515543,6.398657108856486
593,1,31.789766939895987,8.694906837009054
594,1,52.41714401252051,6.691402484242948
595,1,50.209287266149246,2.7601549723327685
596,1,58.33066987072148,4.281406568202993
597,0,63.625458074701015,1.7806098317650667
598,0,20.96161175640955,5.027140123783953
599,0,37.53878824929863,1.4515529012254493
600,1,60.15964163295839,2.597245388591095
601,1,64.98644670738345,7.192513580678035
602,1,45.13266143860924,6.722073708892663
603,1,71.9251720594029,1.9592657520669605
604,0,30.733828350170157,4.105119672309835
605,0,57.56470992192972,5.926974509848809
606,0,24.935389113182524,5.784986516021387
607,1,49.291216688807495,1.7456656055832336
608,1,32.55318002433816,5.520019364327682
609,0,52.417307287432735,3.784294738350864
610,1,65.23187381437357,7.397335809891826
611,1,50.10321294278877,4.599640454697925
612,0,49.55513514977079,5.718574940844542
613,0,74.88929707664099,4.781758785037785
614,1,57.72469580083931,6.332888920636359
615,1,65.60394836505301,3.4638611579805696
616,1,15.339397165988792,6.336506589357949
617,1,49.265535541327544,7.417925640014752
618,1,38.32517644247933,8.671121295813567
619,0,36.58192577064783,8.167579221914279
620,0,45.06836877623162,3.9277563326323843
621,1,45.55688477021646,6.154299446937162
622,0,50.99205703984364,6.614994475303274
623,0,39.05418669151266,6.180089710698715
624,0,58.20163239185982,6.5069569347757765
625,1,54.66860042304889,5.847887227185986
626,1,42.192366979638315,3.9094891844641975
627,1,42.70955943397564,5.414221106860858
628,0,65.80361754953229,6.693573402599727
629,1,63.88655831356799,5.923210786461536
630,1,61.14344741202552,2.8072929896467116
631,0,47.924775804160724,3.2447634465001527
632,0,44.91028334940443,4.18151676651596
633,0,29.44412473028549,4.590372996911265
634,0,54.73664509057528,5.314546456807713
635,0,53.63247793944463,3.045810993391539
636,0,34.00938175112207,6.589911668212582
637,1,64.91015844028004,1.2848713514600303
638,0,61.506899550865604,6.057403372541129
639,1,36.96280360903229,6.013066855240043
640,1,34.368606887622825,6.28819730826653
641,1,36.7557063540936,-1.1339752658493332
642,1,34.49061814647919,2.301449031167718
643,0,27.9965707666913,4.294607965185957
644,1,49.35646436459514,5.33656407560972
645,1,28.087392749481143,4.837217195829413
646,0,52.013216278142494,3.37250680005873
647,1,40.379900815241484,7.566087973539146
648,0,41.9975037831567,5.648058999178805
649,0,31.855955708709224,4.210490162353642
650,1,58.938835701725964,3.0248569393220768
651,0,60.23008493086009,5.136426579834524
652,0,77.74734694743795,7.517400881536008
653,0,72.81215342811247,5.070359654847931
654,0,20.37274696447463,4.935905133657109
655,0,43.97167834550663,5.132564789289747
656,1,44.0832042899054,5.241231735371845
657,1,36.233462534456955,4.533626850731087
658,0,70.51470144541365,3.054289989463614
659,1,51.121450134674035,8.058028618234292
660,0,44.20823624225341,6.27498520451948
661,1,36.62366858280942,9.234266792998024
662,1,50.10370688017707,5.995111883935081
663,1,42.403415562886096,4.537416112993097
664,1,71.15664804879066,3.108326638339432
665,1,43.85449346340093,4.340008455651271
666,0,58.070938686435646,2.694114096501958
667,0,59.87908522383667,9.195681352202381
668,1,46.396091800823704,4.96593658100478
669,0,38.97395298323646,6.572113216198977
670,0,37.770959581054434,6.923937311634399
671,1,53.26758159440509,7.161830264928568
672,0,47.20233815944134,10.09573956727151
673,0,48.4643286546935,4.809176206927358
674,1,52.60130053394531,4.636275871606411
675,1,65.58419220311197,5.3289605839536085
676,1,40.00875216577099,6.497083057520233
677,0,54.26018987879125,5.357754218633477
678,0,59.13033111156477,4.462297465303847
679,1,40.2195239051386,3.5681252091300735
680,0,50.89880361025131,3.4513010321524558
681,1,46.47863121568973,5.538945366720792
682,0,68.3156685904593,3.002243500129816
683,0,46.30579730342979,1.3719348028702627
684,0,70.53877140966944,5.230479059506528
685,1,46.62048025740876,7.325259835273497
686,1,39.506083224621456,6.323621901269609
687,1,45.76202698643867,4.964224318836011
688,1,52.125042960104636,5.806003664772366
689,0,48.71051328016366,1.7057685940777105
690,1,65.13072752191484,3.6207196710851246
691,0,36.750504236559166,8.35613741858364
692,1,21.730272904710244,7.368237495191912
693,0,60.85150046693984,3.57685465792718
694,0,5.263422534734563,8.508624516828485
695,0,59.534262960602256,3.5642182163728737
696,1,53.67364189383668,3.3536159230568456
697,0,75.75278054619994,8.071835136334755
698,1,57.5050870299651,7.615480106759517
699,1,31.884602035143885,3.8228809947936826
700,1,57.509025656524756,4.901822350832041
701,0,50.119114347867274,4.316600037016553
702,0,61.14279765866293,6.008277110208931
703,1,64.4136604255649,8.13478383693445
704,0,49.84033646315011,6.064309084725904
705,1,50.81093339555547,4.772191176822058
706,0,52.817421984077136,2.307399981512516
707,1,62.36690352243395,6.555926263836719
708,1,54.67020145763033,2.5541057021017823
709,1,55.846715920481,4.625733863008742
710,1,34.80421104139389,6.916471287664526
711,0,63.80518533091869,6.622450920296646
712,1,18.311563318301097,6.6774265506495425
713,0,54.47709198100365,6.397842470364784
714,0,58.59134038925695,5.291718922767485
715,0,36.09158985807308,5.604309248843542
716,1,59.95618952648024,5.184140529440869
717,0,46.66636781508341,5.965154864444975
718,1,53.55165974191036,6.070472882009822
719,0,72.72964571020809,5.266656984390601
720,1,66.0491651790277,6.027628244928117
721,1,34.34910631369301,3.630357943280972
722,0,45.974150673866276,4.386086644502229
723,0,50.64890139408185,5.460997122047345
724,1,40.87153421488774,8.84702596513508
725,0,50.43877631842203,6.0579816882592565
726,0,38.83700966744246,4.730528106539674
727,1,42.49361540814443,4.559552276397474
728,1,48.616655611487126,6.488331017493877
729,1,32.61093864084409,4.805477361314915
730,1,30.239333373779395,6.274761971091199
731,1,60.178819680347175,6.023208112186417
732,0,69.3667546578849,2.5078440655999112
733,0,42.734673561047934,5.9455700454433495
734,1,37.78731398232124,5.9312476280215325
735,1,35.439477570272274,6.593335736210941
736,1,50.28204349338323,3.3258332243360806
737,0,30.03849179748684,7.188220200264034
738,1,52.52440464649687,4.666405017419514
739,0,50.98618688292492,8.976548666736178
740,1,46.162416690799155,8.504865909116148
741,1,22.48352603524936,3.7838796165762982
742,0,75.32839315743936,2.26156281020598
743,0,57.767182641804084,6.394484889151667
744,0,60.993998529196084,3.3600619327841144
745,0,48.30063322593145,7.295015046155735
746,0,54.17911323430285,6.059723755214195
747,1,46.32936022715147,2.092782017704856
748,0,27.31393648257056,6.564128488386996
749,0,57.99163183385643,5.27450183712154
750,1,66.55906040406413,5.824223247854928
751,0,71.37717319036355,8.04809319959762
752,0,60.880674537788124,4.740155675875755
753,0,42.838429428002,6.516043462766255
754,0,44.19441660507799,3.8032226593157032
755,1,85.01987397095414,3.852390143439779
756,1,32.12285403225733,4.563704972653696
757,1,41.66603766275742,3.7592371951698453
758,1,45.15157866035941,6.135722996677028
759,0,50.663402295021484,2.3531274683974712
760,0,52.81065739852424,6.659094288637813
761,0,48.999373251737055,3.476942825416666
762,1,53.082087709525275,5.755409127632506
763,1,48.09240877123987,2.625133477055713
764,0,52.69685339334135,5.955464747516833
765,1,71.5880603409709,7.16801499188723
766,0,60.8295491546309,5.019542345883893
767,0,25.391905364683,8.097364477555947
768,0,45.08092599357403,4.720185296116584
769,0,54.92571435894718,5.822735503759768
770,1,35.152759205924795,3.1490660538047868
771,0,27.448864165639918,5.876861805648909
772,0,41.2801325828724,3.863721414576511
773,0,35.030078630761665,3.5592173728206578
774,0,55.23778304661231,8.16020721584183
775,0,44.21995058573075,2.4595582896523243
776,1,36.0097843672762,4.7704630856429615
777,1,43.12175281136119,6.425580528157386
778,0,60.533457677916296,5.468141812432456
779,0,62.1254750030096,1.30534601418579
780,0,51.42249188422293,6.207818539345565
781,0,37.36442322805833,2.242002083185419
782,1,39.515216322839706,4.113496102708772
783,1,33.50532564843995,4.511514694931354
784,0,55.46563824469242,-0.8400586406291168
785,1,39.90931859656521,4.788198870327472
786,0,34.44438995243916,6.331754794322501
787,0,61.6603819500369,4.659831147932455
788,0,36.15209253403713,5.369859626801244
789,1,34.787993888339486,9.523573707571657
790,0,72.62862444567325,7.250880466036729
791,1,49.26948313347796,5.118771635423718
792,0,40.93816355157344,10.174017657126019
793,1,59.583220682309275,3.7272579512017363
794,0,49.88401215104009,6.0393542161215485
795,0,50.80761544718511,1.846752194186192
796,1,47.39778802934043,5.796656010048418
797,1,42.3347872965186,4.777179381175368
798,0,41.30977068943082,5.121586533637479
799,1,68.84357842190644,5.740962789957288
800,0,46.12502137199185,5.560007829984605
801,0,62.87344766495323,2.8547455157006603
802,0,44.3787229110711,4.2333097268120055
803,0,41.05697085878662,5.012121427963325
804,0,23.264041630831585,2.14164877792984
805,0,51.23870596712109,6.605138901006589
806,1,47.41215703641797,8.765764619500171
807,1,55.006514232787346,5.607087069154897
808,0,41.7751623262456,3.944573669759765
809,1,48.75925054482563,0.39615107776330216
810,1,57.78411595955349,1.958183487376166
811,0,48.83302968559058,5.678457728030824
812,1,60.838249739943066,7.5248730735950105
813,1,52.29609307511864,4.559831261945536
814,0,32.48002372686429,2.0255174645208993
815,1,44.72609084064754,3.257949511753758
816,0,49.062624391933035,3.8555425048459746
817,1,70.7433413584039,1.1349052727014692
818,1,56.23567777659912,4.378867529039956
819,1,48.66045956504689,6.784773516708266
820,0,49.148688171904915,1.636436168566083
821,1,57.41076807894223,3.8807198943986645
822,0,50.778279273976146,0.9513914490714281
823,1,74.4259902827967,3.3617013134273463
824,1,59.3748819549361,4.703911941937495
825,0,50.56333292184686,7.042412425018978
826,0,66.81573953492953,5.9114172671638725
827,1,33.15067698780327,2.633104597175896
828,0,36.47799100520811,5.187962619040311
829,1,39.567236866983876,4.332133177327602
830,1,39.32572944871376,4.97425974390424
831,1,36.14819537411485,4.601010344700688
832,1,48.19667891126126,5.626744135498209
833,1,57.75034131467271,5.362225273241544
834,1,52.82718561251992,6.732866963581176
835,0,35.579488153605205,5.233183773339651
836,0,43.532998269126935,8.379861421201195
837,0,60.462587337573076,6.038452367766752
838,0,56.38395089230629,7.95662066921466
839,1,69.77508844847057,6.440500046193481
840,1,53.337387168117566,3.654428527676177
841,0,41.27217662659579,7.485835794164894
842,1,42.828528373853665,7.368354256695683
843,1,55.55595216010096,-0.7441172185312306
844,1,41.50041346179558,3.903109309656873
845,1,41.871028382522276,7.8855182139816105
846,0,53.08011200519566,7.108776078350846
847,1,37.98653127827958,2.0791649817622466
848,1,64.46859871118784,6.7175236304771335
849,1,46.091948412705875,8.45446980249914
850,1,48.87481725737503,6.213396846077536
851,0,35.5512718213689,2.0482876487708763
852,1,35.775464529484495,3.432369331711569
853,1,57.28493326565443,5.801008749949459
854,1,55.30423345828683,4.5689300736097005
855,0,47.84627970202034,7.555325352412227
856,0,42.91976435687265,6.462497471299412
857,1,56.01672348447555,8.926355353081146
858,0,48.71175339557053,7.041233824129254
859,0,29.062737350127104,6.105074694600646
860,0,47.62230238208703,4.3713313623341135
861,1,43.89484509684223,7.808923525915911
862,1,48.21032858715975,5.0109966872779
863,1,58.97052386905221,2.9481998633876403
864,1,73.66414096363822,5.096341646995235
865,1,46.90408204731918,4.816288843338359
866,0,53.68231357973869,3.012919620583829
867,0,31.390556415625298,6.655676958957343
868,0,38.25812722593598,4.719143538492508
869,0,45.96297983835713,5.7911772456174715
870,1,61.41895330336216,3.438182787533749
871,0,42.01196476239896,4.670657609618819
872,0,64.15379508149081,6.548652324775318
873,0,40.191372293617576,4.506343396041104
874,1,53.091308875157715,4.269316860194655
875,1,51.26922523818944,9.368627404885073
876,0,59.1399916421119,5.632389851136387
877,0,31.162488181120374,6.466613055771032
878,1,36.78853598096905,6.492475864107891
879,1,38.206329644591044,5.193927273331782
880,1,30.826569081813606,6.055249254701198
881,1,61.35039187855627,3.0539763969695324
882,0,68.96077633809412,7.896417103789727
883,1,19.190380879956727,7.493899522355157
884,1,37.0933387247687,5.380429137743361
885,0,34.68228915287445,5.012711751367436
886,1,44.41240613094039,2.5207538591068688
887,1,49.557554377181596,7.0586219433792285
888,0,23.155997884637056,4.489926394927254
889,1,68.51720414286454,6.2195338165854945
890,1,40.005459827729815,2.118652011935093
891,1,56.79930321727614,6.262909232724878
892,1,41.927934535375485,4.649497890729722
893,0,77.67515837553341,5.023815743769377
894,0,58.63067493765896,2.164376467961455
895,1,72.84904369221735,6.358128593706612
896,1,72.26406180956572,3.7749492957656225
897,0,54.11498191749404,4.905977491026602
898,0,26.855384590619607,6.608362002821525
899,0,31.767900559788096,4.828662292095523
900,0,59.26049217998557,8.972485924466271
901,1,44.340798486416894,3.202393869538411
902,1,53.15561279691687,5.480971496307262
903,1,33.27704277113604,5.8266463269586835
904,1,49.669536199468,2.9620544393662667
905,0,62.54487102737314,5.17481801523438
906,0,36.01633496104894,4.610236485824716
907,1,43.858349042504884,5.451628851892207
908,1,36.934799476189326,5.9072959588412175
909,0,57.30655152270907,7.796501663921063
910,0,35.55165997564768,5.576347658462788
911,0,41.35407711027142,6.094138262846274
912,1,43.108650120958515,7.998631933804983
913,0,80.84007098594037,1.8314725262845517
914,0,45.0220771761734,4.4776063582624825
915,1,60.052580715785425,5.0763437270829455
916,1,67.05101777490705,1.888879318764384
917,1,42.98576782001183,5.153360940963815
918,1,44.97295407263912,0.28838817453183996
919,0,44.397890035552024,6.411075449301551
920,0,43.70871305656041,2.0434291284816726
921,0,42.37773753421261,2.4976301196462916
922,1,62.42942863831637,6.048688706452116
923,0,47.493795219236915,1.664853304838588
924,0,50.329884525831375,9.10756054912764
925,0,70.75413927590353,5.2332055314251695
926,0,28.44561102734781,4.8058138375222645
927,1,49.97415288216731,7.4063857041266346
928,1,21.10660336102485,4.840582321823491
929,1,61.500397626529654,5.481262381661339
930,0,76.7303575965192,4.68819963855228
931,1,28.963967876783755,3.9963657940886916
932,0,64.14262849271077,5.742375010179047
933,1,42.08099455177707,6.050056108254145
934,0,56.42298746380909,2.453723509448566
935,0,43.276984683204006,3.2376540503475155
936,1,42.585106640483374,3.6811698950079554
937,1,41.34754838146528,4.940823569809806
938,1,45.36051169834207,5.691321234964489
939,0,46.37336028895376,9.312171289690674
940,1,58.73116775611987,5.5500803024641465
941,0,54.61455849549006,4.651312637199537
942,0,45.96184985144758,3.5702384507783687
943,1,37.78916019905459,6.970565131418323
944,1,36.35510175704296,4.976195057552673
945,1,56.76877467710038,5.683509136304031
946,1,52.983423852711795,4.998641670785033
947,0,58.65263199356369,6.101154685096956
948,1,40.50097207144207,5.957400011384003
949,1,37.47306352475174,5.747685410145969
950,1,51.35537564735175,5.007666172585019
951,1,60.6037719855284,5.186857584294027
952,1,33.40373714706051,5.764639117985428
953,0,42.88087830908198,1.1516076301555138
954,0,51.156210576196514,4.93185474236246
955,0,47.73154701357816,6.96157894612791
956,0,30.88751570689297,4.039370977317908
957,0,38.634817579198376,0.8197620024940147
958,0,58.08174919808423,2.2299298872186553
959,1,41.64485431527446,5.150395073982894
960,0,51.23878235490811,3.5584808635595495
961,1,44.68260911660113,5.267849888772062
962,0,52.20326105692014,4.963075665095491
963,1,70.72802255001817,4.061691798202844
964,0,46.39084723057518,3.1700043554197164
965,1,43.07421008309373,5.390973909563198
966,1,45.1666467277617,5.137863390869485
967,1,52.295884598880285,4.7522210060747545
968,1,52.423862642138076,6.744828874114006
969,1,52.5749061351743,5.402668876449652
970,0,57.815680310335594,3.8079369280544944
971,1,59.103224511794146,4.282812099852803
972,0,37.922258235568705,4.876138102841592
973,1,51.466778050299745,5.2463815463466865
974,0,43.620486826272575,7.672830341511904
975,1,48.79501297895025,8.376154481783255
976,0,34.72339748425997,4.0621093758823115
977,0,61.27805331311817,2.961185736254809
978,0,51.181018598500806,3.9142369736782943
979,1,51.989008219385944,5.840252525435672
980,0,30.12204071678667,6.6655726963784305
981,0,38.44739131999305,4.183770286213818
982,0,48.71854199072702,3.1716468372301025
983,0,54.228567750695674,5.764722339664453
984,0,40.02686167571316,6.247185844537188
985,1,50.266681104397726,7.069287410293219
986,0,41.42694226770979,3.7245655797730555
987,1,47.63720660739051,5.6577249504336
988,1,38.57191345845012,1.736600859086861
989,1,35.29666918464189,4.78860588369447
990,1,47.62515525526838,6.437029012793845
991,1,40.897681235002544,7.967441383331236
992,1,51.04367374068805,5.604325907744001
993,1,33.73163648124494,4.5164997146841035
994,0,77.51887215112842,2.1880781319209843
995,1,43.502941080836244,5.456742200529117
996,0,41.998692900657936,6.263517838129326
997,1,56.37358699526371,7.027331520014066
998,1,52.86772186501474,5.486423421309698
999,0,48.637618292781866,3.089057266317668
1000,1,49.591039872969944,6.107007682382849
